{"stats": {"commandsIssued": 12870, "messagesScanned": 48046}, "savedVars": {"admins": ["Luc van Remmerden", "Daan", "Philippe", "Thomas"], "muted": [], "pickUpLineList": ["Well, here I am. What are your other two wishes?", "Hey, my name's Microsoft. Can I crash at your place tonight?", "Are you French? Because Eiffel for you.", "There is something wrong with my cell phone. It doesn't have your number in it.", "If I could rearrange the alphabet, I\u00e2\u20ac\u2122d put \u00e2\u20ac\u02dcU\u00e2\u20ac\u2122 and \u00e2\u20ac\u02dcI\u00e2\u20ac\u2122 together."], "antiSimpModus": false, "antiSimpPersons": ["Crystal"], "emojiLimit": 10, "countGameRecord": 20, "bankMoney": 18.877223068208362, "expectedMarketCap": 3973.471999999979, "president": "Luc van Remmerden", "cabinet": ["Zenno", "Thomas", "Jasper"], "economyGain": 11.509999999999998, "tax": 0.1, "bankDividend": 0.99, "ElectionTime": 1645018987.9358976, "cabinetElect": true, "CurrentChange": ["", 0], "cabinetVotes": [false, false, false], "saverTax": 0.1, "royalty": {"king": "Luc van Remmerden", "title": "F\u00fchrherr", "heir": "Lars", "nickName": "the crazy", "royalDecreesLeft": 0, "lifeLimit": 92}, "newMoney": 2.3019999999999996, "truckerFee": 0.35, "termLength": 2, "statePower": 40}, "personalData": {"Luc van Remmerden": {"messagesSend": 5008, "emojiTriggers": 0, "spamCommandUsed": 15, "gayUsage": 0, "thomasEmoji": 24, "praiseReceived": 1, "jokes": 32, "praiseSend": 2, "money": 1416.487094407221, "cloverUpgrade": 6, "gambleAmount": 0, "claimTime": 1644855174.2445889, "dividendTime": 1644486353.9119394, "dividend": 0.0, "cloverUpdate": 0, "investments": [[369.6369683257919, 25, "bank"], [266.00996334698084, 50, "bank"], [226.81266620321009, 1, "Daan"], [155.98116587862643, 50, "bank"], [290.3326413165734, 25, "bank"], [221.33264131657342, 50, "bank"], [21.238225707736632, 15, "bank"], [8.238225707736632, 1, "bank"], [3.1000000000000085, 1, "bank"], [6.190249978620113, 1, "bank"], [38.1, 30, "bank"], [1, 1, "bank"], [1, 1, "bank"], [1, 1, "bank"], [55.94093229953562, 50, "bank"], [1, 1, "bank"], [5.698319431798374, 1, "bank"], [1, 1, "bank"], [38.91, 25, "bank"], [23.48690281498514, 10, "Niels"], [1, 1, "bank"], [9.194884679191293, 1, "bank"], [1, 1, "bank"], [1, 1, "bank"], [8.50817729583056, 1, "Niels"], [101, 100, "bank"], [101, 100, "bank"], [50.95627057381748, 50, "Lars"], [111, 100, "bank"], [101, 100, "bank"], [121.43349250172129, 100, "bank"], [101, 100, "bank"], [101, 100, "bank"], [55.27259153413155, 50, "bank"], [113.1912215929449, 100, "Niels"], [26, 25, "bank"], [256.4180754126377, 200, "bank"], [201, 200, "bank"], [51.78633608000672, 50, "bank"], [51, 50, "bank"], [108.37648983934571, 20, "Daan"], [111.68528442732325, 75, "Emanuel"], [11, 10, "bank"], [21, 20, "bank"], [21, 20, "bank"], [21, 10, "bank"], [41, 30, "bank"], [241, 200, "bank"], [51, 50, "bank"], [11, 10, "bank"], [21, 20, "bank"], [11, 10, "bank"], [11, 10, "bank"], [13.658671625055572, 10, "bank"], [221, 200, "bank"], [51, 50, "bank"], [32.77824009074065, 10, "bank"], [11, 10, "bank"], [10.200111310567877, 10, "Lars"], [566.0113399221455, 500, "bank"], [51, 50, "bank"], [51, 50, "bank"], [10.393339895180624, 10, "Daan"], [13.800494387943047, 10, "Niels"], [11.00129762397496, 10, "bank"]], "vote": -1, "prisonLabor": 30, "prisonLaborTime": 1644567369.6660047, "stealTime": -1, "judge": null, "kingNumber": 0, "sentenceMultiplier": 3, "truckAmount": 1, "power": 0, "coupWaitTime": 0, "autoSentenceTime": 0}, "Philippe": {"messagesSend": 1816, "emojiTriggers": 0, "spamCommandUsed": 0, "gayUsage": 0, "thomasEmoji": 0, "praiseReceived": 0, "jokes": 0, "praiseSend": 0, "money": 44.094343969398885, "cloverUpgrade": 0, "claimTime": 1644700233.5483823, "dividendTime": 742935351.2857454, "dividend": 0, "cloverUpdate": 0, "investments": [[136.13720358002894, 100, "bank"]], "vote": -1, "gambleAmount": 0, "prisonLabor": 0, "prisonLaborTime": 1644592096.2419932, "stealTime": -1, "judge": null, "sentenceMultiplier": 1, "kingNumber": 0, "truckAmount": 1, "power": 0, "coupWaitTime": 0}, "Daan": {"messagesSend": 5275, "emojiTriggers": 0, "spamCommandUsed": 0, "gayUsage": 2, "thomasEmoji": 1, "praiseReceived": 2, "jokes": 15, "praiseSend": 0, "money": 27.46239800464799, "cloverUpgrade": 3, "gambleAmount": 0, "claimTime": 1644926942.1233966, "dividendTime": 1644593389.7701135, "dividend": 0.0, "cloverUpdate": 0, "investments": [[915.9289544534222, 744, "bank"], [396.00707902042296, 43, "Thomas"], [396.00707902042296, 20, "Thomas"], [1332.52155752019, 10, "Luc van Remmerden"]], "vote": -1, "prisonLabor": 0, "prisonLaborTime": 1643990043.0090399, "stealTime": -1, "judge": null, "kingNumber": 0, "truckAmount": 0, "power": 0, "coupWaitTime": 0}, "Crystal": {"messagesSend": 6335, "emojiTriggers": 0, "spamCommandUsed": 1, "gayUsage": 0, "thomasEmoji": 0, "praiseReceived": 3, "jokes": 0, "praiseSend": 1, "money": 36.5860713056227, "cloverUpgrade": 4, "claimTime": 1644511558.1580963, "dividendTime": 742935351.2857752, "dividend": 0, "cloverUpdate": 0, "investments": [[242.53241225371602, 20, "bank"], [77, 75, "bank"]], "vote": -1, "prisonLabor": 0, "prisonLaborTime": 1643990043.0090444, "stealTime": -1, "judge": null, "kingNumber": 0, "truckAmount": 1, "power": 0, "coupWaitTime": 0}, "Casper": {"messagesSend": 3495, "emojiTriggers": 0, "spamCommandUsed": 0, "gayUsage": 1, "thomasEmoji": 0, "praiseReceived": 0, "jokes": 4, "praiseSend": 2, "money": 75.5717627104677, "cloverUpgrade": 2, "claimTime": 1644913442.7348053, "dividendTime": 742935351.2857883, "dividend": 0, "cloverUpdate": 0, "investments": [[288, 100, "Daan"]], "vote": -1, "prisonLabor": 98, "prisonLaborTime": 1644934638.0560575, "stealTime": -1, "judge": null, "sentenceMultiplier": 1, "kingNumber": 1, "truckAmount": 0, "power": 0, "coupWaitTime": 0}, "Thomas": {"messagesSend": 5975, "emojiTriggers": 0, "spamCommandUsed": 11, "gayUsage": 0, "thomasEmoji": 13, "praiseReceived": 2, "jokes": 24, "praiseSend": 18, "money": 444.3479732770664, "cloverUpgrade": 4, "claimTime": 1644855016.458832, "dividendTime": 742935351.2858016, "dividend": 0, "cloverUpdate": 0, "investments": [[159.37104180632804, 4, "Luc van Remmerden"], [103.28195108139273, 6, "Crystal"], [115.0074333822489, 10, "Zenno"], [62.548535540033406, 5, "Casper"], [72.65691491283778, 3, "bank"], [5.564522080547107, 5, "Lars"], [23.304999547323774, 5, "Niels"], [168.67039272744623, 2, "Crystal"], [22.56169602306026, 5, "bank"], [335.4170468957669, 10, "Zenno"], [85.08135937612636, 10, "bank"], [15, 5, "bank"], [174.60693208103137, 10, "Zenno"], [20, 5, "bank"], [51, 50, "bank"], [57.91269545057476, 50, "bank"], [51, 50, "bank"], [51, 50, "bank"], [19.078348581097327, 5, "Niels"], [41, 20, "bank"], [51, 50, "bank"], [101, 50, "bank"], [61, 50, "bank"], [41.224445, 20, "bank"], [21, 20, "bank"], [28.931928294390985, 15, "bank"], [51, 50, "bank"], [26, 15, "bank"], [66.0113399221454, 50, "bank"], [50.10632739779183, 50, "bank"], [43.393339895180624, 30, "Daan"], [20.393339895180624, 20, "Daan"], [62.16632146857303, 50, "bank"]], "vote": -1, "gambleAmount": 0, "connect4winner": 1, "prisonLabor": 0, "prisonLaborTime": 1644589659.70534, "stealTime": -1, "judge": null, "sentenceMultiplier": 1, "kingNumber": 0, "truckAmount": 0, "power": 0, "coupWaitTime": 0}, "Niels": {"messagesSend": 2217, "emojiTriggers": 0, "spamCommandUsed": 0, "gayUsage": 0, "thomasEmoji": 4, "praiseReceived": 0, "jokes": 0, "praiseSend": 1, "money": 6.92810889124921, "cloverUpgrade": 0, "claimTime": 1644855184.7093534, "dividendTime": 742935351.2858167, "dividend": 0, "cloverUpdate": 0, "investments": [[436.1912449005804, 23, "Daan"], [164.52182890539137, 47, "bank"], [54.42561423781538, 1, "bank"], [35.42561423781538, 1, "bank"], [36.42561423781538, 1, "bank"], [37.42561423781538, 1, "bank"], [38.42561423781538, 1, "bank"], [39.42561423781538, 1, "bank"], [40.42561423781538, 1, "bank"], [1520.1002710965806, 60, "Luc van Remmerden"], [10.524624852681345, 10, "Daan"]],